{
  "user": [
    {
      "username": "Davide",
      "password": "asdASD123!",
      "citta": "Torino",
      "avatar": "https://pbs.twimg.com/profile_images/1143032401108578305/8IYSjofV_400x400.jpg",
      "tweets": [
        {
          "tweet": "test1",
          "orarioTweet": "23:46:28"
        },
        {
          "tweet": "test2",
          "orarioTweet": "23:46:30"
        },
        {
          "tweet": "test3",
          "orarioTweet": "23:46:34"
        }
      ],
      "id": 1
    },
    {
      "username": "Davide",
      "password": "asdASD123!",
      "citta": "Torino",
      "avatar": "https://pbs.twimg.com/profile_images/1143032401108578305/8IYSjofV_400x400.jpg",
      "tweets": [
        {
          "tweet": "test123",
          "orarioTweet": "00:11:40"
        },
        {
          "tweet": "test321",
          "orarioTweet": "00:11:42"
        },
        {
          "tweet": "tttttttttttttteeeeeeeeeeeeeeeesssssssssssssssstttt",
          "orarioTweet": "00:11:49"
        }
      ],
      "id": 2
    }
  ]
}